<?xml version="1.0" encoding="UTF-8"?>
<project-private xmlns="http://www.netbeans.org/ns/project-private/1">
    <editor-bookmarks xmlns="http://www.netbeans.org/ns/editor-bookmarks/2" lastBookmarkId="1">
        <file>
            <url>src/Controller/Controller.java</url>
            <bookmark id="1">
                <name/>
                <line>290</line>
                <key/>
            </bookmark>
        </file>
    </editor-bookmarks>
    <open-files xmlns="http://www.netbeans.org/ns/projectui-open-files/2">
        <group>
            <file>file:/C:/Users/Louis/Documents/GitHub/groupe5_ingenierie_logicielle/2584/src/Controller/Controller.java</file>
            <file>file:/C:/Users/Louis/Documents/GitHub/groupe5_ingenierie_logicielle/2584/src/Model/Case.java</file>
            <file>file:/C:/Users/Louis/Documents/GitHub/groupe5_ingenierie_logicielle/2584/src/Model/Joueur.java</file>
            <file>file:/C:/Users/Louis/Documents/GitHub/groupe5_ingenierie_logicielle/2584/src/View/FXMLDocument.fxml</file>
            <file>file:/C:/Users/Louis/Documents/GitHub/groupe5_ingenierie_logicielle/2584/src/Model/SuitesMathematiques.java</file>
            <file>file:/C:/Users/Louis/Documents/GitHub/groupe5_ingenierie_logicielle/2584/src/Model/Grille.java</file>
            <file>file:/C:/Users/Louis/Documents/GitHub/groupe5_ingenierie_logicielle/2584/src/Model/Partie.java</file>
            <file>file:/C:/Users/Louis/Documents/GitHub/groupe5_ingenierie_logicielle/2584/src/Model/RandomPlayer.java</file>
        </group>
    </open-files>
</project-private>
